-- MySQL dump 10.13  Distrib 5.7.21, for Win64 (x86_64)
--
-- Host: localhost    Database: library
-- ------------------------------------------------------
-- Server version	5.7.21

/*!40101 SET @OLD_CHARACTER_SET_CLIENT=@@CHARACTER_SET_CLIENT */;
/*!40101 SET @OLD_CHARACTER_SET_RESULTS=@@CHARACTER_SET_RESULTS */;
/*!40101 SET @OLD_COLLATION_CONNECTION=@@COLLATION_CONNECTION */;
/*!40101 SET NAMES utf8 */;
/*!40103 SET @OLD_TIME_ZONE=@@TIME_ZONE */;
/*!40103 SET TIME_ZONE='+00:00' */;
/*!40014 SET @OLD_UNIQUE_CHECKS=@@UNIQUE_CHECKS, UNIQUE_CHECKS=0 */;
/*!40014 SET @OLD_FOREIGN_KEY_CHECKS=@@FOREIGN_KEY_CHECKS, FOREIGN_KEY_CHECKS=0 */;
/*!40101 SET @OLD_SQL_MODE=@@SQL_MODE, SQL_MODE='NO_AUTO_VALUE_ON_ZERO' */;
/*!40111 SET @OLD_SQL_NOTES=@@SQL_NOTES, SQL_NOTES=0 */;

--
-- Table structure for table `arrear_record`
--

DROP TABLE IF EXISTS `arrear_record`;
/*!40101 SET @saved_cs_client     = @@character_set_client */;
/*!40101 SET character_set_client = utf8 */;
CREATE TABLE `arrear_record` (
  `id` int(11) NOT NULL AUTO_INCREMENT,
  `status` varchar(255) NOT NULL,
  `money` float NOT NULL,
  `overdue_date` date NOT NULL,
  `uid` varchar(255) NOT NULL,
  `ISBN` varchar(255) NOT NULL,
  PRIMARY KEY (`id`),
  KEY `uid` (`uid`),
  KEY `ISBN` (`ISBN`)
) ENGINE=MyISAM DEFAULT CHARSET=utf8;
/*!40101 SET character_set_client = @saved_cs_client */;

--
-- Dumping data for table `arrear_record`
--

LOCK TABLES `arrear_record` WRITE;
/*!40000 ALTER TABLE `arrear_record` DISABLE KEYS */;
/*!40000 ALTER TABLE `arrear_record` ENABLE KEYS */;
UNLOCK TABLES;

--
-- Table structure for table `book`
--

DROP TABLE IF EXISTS `book`;
/*!40101 SET @saved_cs_client     = @@character_set_client */;
/*!40101 SET character_set_client = utf8 */;
CREATE TABLE `book` (
  `ISBN` varchar(255) NOT NULL,
  `bname` varchar(255) NOT NULL,
  `author` varchar(255) NOT NULL,
  `price` varchar(255) NOT NULL,
  `publish_house` varchar(255) NOT NULL,
  `is_rare` tinyint(1) NOT NULL,
  `book_type` varchar(255) NOT NULL,
  `is_Borrowed` tinyint(1) NOT NULL
) ENGINE=MyISAM DEFAULT CHARSET=utf8;
/*!40101 SET character_set_client = @saved_cs_client */;

--
-- Dumping data for table `book`
--

LOCK TABLES `book` WRITE;
/*!40000 ALTER TABLE `book` DISABLE KEYS */;
INSERT INTO `book` VALUES ('978-1-879546-05-9','Reduced homogeneous application','Robert Lin Jr.','45','DeepSkyBlue',0,'Dictionary',0),('978-0-86176-129-6','Organic content-based challenge','Scott Hamilton','43','LightYellow',0,'Biography',0),('978-0-01-381007-0','Ergonomic cohesive open system','Erin Scott','42','SlateBlue',0,'Diary',0),('978-1-55352-408-3','Object-based zero tolerance moratorium','Melissa Willis','47','SlateBlue',0,'Art',0),('978-1-253-42192-7','Realigned impactful help-desk','Tanya Farmer','36','Aqua',0,'Biography',0),('978-0-230-83814-7','Multi-lateral actuating infrastructure','Justin Jordan','35','MediumSpringGreen',0,'Art',0),('978-0-270-08882-3','Customizable fault-tolerant initiative','Kirk Lawson','41','DarkSlateBlue',0,'Autobiography',0),('978-1-5293-4033-4','Optional next generation instruction set','Brian Clark','38','DeepSkyBlue',0,'Autobiography',0),('978-0-515-86950-7','Compatible regional emulation','Jessica Vazquez','41','MidnightBlue',0,'Autobiography',0),('978-0-8373-4917-6','Profound grid-enabled concept','Melanie Perkins','30','MediumVioletRed',0,'Diary',0),('978-0-13-543653-0','Optional optimizing architecture','Amy Hernandez','28','PaleVioletRed',0,'Cookbook',0),('978-0-285-23193-1','User-friendly contextually-based application','John Larsen','33','FireBrick',0,'Autobiography',0),('978-1-920198-82-4','Balanced modular installation','Nichole Johnson','21','Moccasin',0,'Art',0),('978-0-935957-43-3','Open-architected systemic parallelism','Kurt Swanson','40','DarkRed',0,'Art',0),('978-1-5002-8903-4','Synchronized transitional access','Glenn Williams','44','Turquoise',0,'Dictionary',0),('978-0-7606-7801-5','Switchable interactive access','Tyler Blanchard','31','DarkOrange',0,'Autobiography',0),('978-0-698-63346-9','Function-based object-oriented Graphic Interface','Maria Lewis','43','DarkOrange',0,'Autobiography',0),('978-1-4381-2002-7','Re-engineered 24/7 moratorium','Walter Taylor','49','HotPink',0,'Cookbook',0),('978-0-04-313017-9','Mandatory context-sensitive parallelism','Jessica Hamilton','35','DarkKhaki',0,'Diary',0),('978-0-7885-4280-0','Down-sized analyzing budgetary management','Paula Hubbard','22','MediumSpringGreen',0,'Autobiography',0),('978-0-7959-7627-8','Devolved system-worthy migration','Robin Moses','25','OrangeRed',0,'Diary',0),('978-1-105-02771-0','Persevering didactic success','Scott Wilson','35','Brown',0,'Art',0),('978-1-86483-262-4','Enterprise-wide maximized paradigm','Cindy Farmer MD','26','LightSeaGreen',0,'Dictionary',0),('978-1-5063-0256-0','Ergonomic demand-driven initiative','Adam Rosales','45','DarkBlue',0,'Cookbook',0),('978-1-908269-08-9','Customizable real-time flexibility','Tammy Torres','49','Black',0,'Diary',0),('978-1-9866-6306-9','Expanded optimizing superstructure','Francis Brewer','47','ForestGreen',0,'Cookbook',0),('978-0-7503-7576-4','Implemented well-modulated interface','Jesus Sheppard','48','DarkSalmon',0,'Cookbook',0),('978-1-08-449129-8','Pre-emptive coherent hierarchy','Richard Hurst','25','LightYellow',0,'Autobiography',0),('978-1-82867-343-0','Progressive interactive solution','Joel Jordan','43','AliceBlue',0,'Dictionary',0),('978-1-5221-6688-7','Fully-configurable 3rdgeneration standardization','Erica Baker','29','GreenYellow',0,'Biography',0),('978-1-64945-938-1','Virtual 24hour productivity','Lawrence Patrick','34','Salmon',0,'Autobiography',0),('978-1-01-154167-6','Future-proofed coherent leverage','Charlotte Camacho','46','Bisque',0,'Diary',0),('978-1-874144-15-1','Profound actuating project','Sabrina Smith','42','Brown',0,'Art',0),('978-1-912139-51-4','Switchable cohesive process improvement','Jackie Cooper','30','DarkGreen',0,'Dictionary',0),('978-1-80818-049-1','Multi-lateral modular parallelism','Alexis Anderson','22','DarkGreen',0,'Dictionary',0),('978-0-8127-0123-4','Object-based bi-directional challenge','Nicholas Zamora','29','GreenYellow',0,'Cookbook',0),('978-0-9532956-6-1','Visionary national framework','Vanessa Williams','48','Coral',0,'Cookbook',0),('978-1-00-298981-4','Exclusive heuristic algorithm','Pamela Smith','36','MediumPurple',0,'Dictionary',0),('978-0-460-90551-0','Digitized secondary instruction set','Mrs. Theresa Price','33','Brown',0,'Autobiography',0),('978-1-190-98013-6','Realigned intermediate initiative','Thomas Nelson','23','MediumBlue',0,'Diary',0),('978-0-13-951371-8','Reduced disintermediate paradigm','Shane Newton','45','ForestGreen',0,'Autobiography',0),('978-1-06-484833-3','Business-focused motivating initiative','Erika Cook','34','Violet',0,'Art',0),('978-0-04-927929-2','Multi-tiered directional hierarchy','Seth Bennett','32','LawnGreen',0,'Dictionary',0),('978-0-915588-71-8','Advanced national moderator','Carla Cook','23','Pink',0,'Art',0),('978-0-261-16618-9','Exclusive static productivity','Loretta Thomas','25','MediumSeaGreen',0,'Dictionary',0),('978-0-7807-3357-2','Extended non-volatile application','Mr. David Macdonald MD','38','FireBrick',0,'Cookbook',0),('978-1-163-97825-2','Robust homogeneous architecture','Troy Smith','38','Green',0,'Biography',0),('978-0-400-55799-1','Face-to-face stable alliance','Steven Shaffer','28','DarkGray',0,'Art',0),('978-1-60857-614-2','Re-engineered mission-critical conglomeration','Billy Smith','27','Orange',0,'Cookbook',0),('978-0-538-74133-0','Cloned maximized neural-net','Tiffany Young DDS','31','LavenderBlush',0,'Autobiography',0),('978-0-585-10108-8','Extended global parallelism','Beverly Moreno','25','PaleVioletRed',0,'Art',0),('978-1-336-95946-0','Diverse dedicated data-warehouse','Ashley Lewis','37','WhiteSmoke',0,'Diary',0),('978-0-379-95364-0','Streamlined optimal moderator','Jessica Washington','28','Lavender',0,'Art',0),('978-1-09-747781-4','Enhanced holistic matrix','Karen Dodson','32','Turquoise',0,'Autobiography',0),('978-1-02-984405-9','Self-enabling transitional hierarchy','April Carpenter','47','DarkGoldenRod',0,'Cookbook',0),('978-0-9835692-9-9','Object-based client-server attitude','Donna Gonzalez','38','Bisque',0,'Art',0),('978-0-13-545720-7','Assimilated even-keeled algorithm','John Adams','33','SaddleBrown',0,'Cookbook',0),('978-1-300-28878-7','Function-based mission-critical groupware','Sophia Walker','46','Violet',0,'Autobiography',0),('978-0-04-699202-6','Cloned fault-tolerant forecast','Kyle Hardy','37','Sienna',0,'Diary',0),('978-1-4527-7753-5','Multi-channeled asymmetric throughput','Heather Gray','30','LightSteelBlue',0,'Art',0),('978-0-276-55763-7','Switchable reciprocal instruction set','Michael Miller','20','Moccasin',0,'Cookbook',0),('978-0-290-43972-8','Exclusive motivating structure','Chad Walker','38','PaleGoldenRod',0,'Cookbook',0),('978-1-60265-832-5','Cloned actuating synergy','Michael White','24','Lavender',0,'Autobiography',0),('978-1-4370-0894-4','Multi-lateral logistical info-mediaries','Jessica Baker','31','Orchid',0,'Autobiography',0),('978-1-69833-208-6','Intuitive clear-thinking neural-net','Elizabeth Anderson','31','DarkRed',0,'Cookbook',0),('978-0-7745-4137-4','Total modular infrastructure','Julie Williams','21','DarkSlateBlue',0,'Dictionary',0),('978-0-87919-889-3','Fully-configurable systemic leverage','Adam Moreno','22','MediumAquaMarine',0,'Diary',0),('978-1-903830-55-0','Up-sized regional algorithm','Linda Brennan','45','SlateBlue',0,'Biography',0),('978-0-940976-90-0','Re-engineered client-server initiative','Carla Brown','26','Blue',0,'Autobiography',0),('978-0-561-41917-6','Diverse asynchronous leverage','Danielle Silva','36','DarkOrange',0,'Autobiography',0),('978-0-7173-2359-3','Automated regional artificial intelligence','Jordan Kaiser','45','Thistle',0,'Autobiography',0),('978-1-5392-4996-2','Grass-roots optimizing challenge','Zachary Pope','43','LightGoldenRodYellow',0,'Cookbook',0),('978-1-72624-429-9','Object-based impactful Graphical User Interface','Michael Daniels','23','LightGray',0,'Dictionary',0),('978-0-434-35991-2','Realigned asymmetric infrastructure','David Friedman','20','MediumTurquoise',0,'Diary',0),('978-1-972086-36-0','Compatible mission-critical benchmark','Marc Harris','47','CornflowerBlue',0,'Cookbook',0),('978-1-5458-3659-0','Multi-layered tangible utilization','Adrian Griffin','44','PaleTurquoise',0,'Dictionary',0),('978-0-311-85225-3','Monitored 6thgeneration firmware','Jason Gilmore','45','Gainsboro',0,'Biography',0),('978-0-13-133806-7','Adaptive dynamic hardware','Troy Bennett Jr.','21','Tomato',0,'Dictionary',0),('978-0-19-311349-7','Reduced system-worthy concept','Alexander Griffin','35','PaleTurquoise',0,'Cookbook',0),('978-1-935893-88-2','Robust even-keeled success','Samuel Robinson','27','Wheat',0,'Autobiography',0),('978-0-01-885141-2','Proactive didactic hardware','Michael Beard','26','Silver',0,'Art',0),('978-1-71636-890-5','Optional actuating firmware','Amy Dodson','33','MistyRose',0,'Art',0),('978-1-60071-239-5','Devolved eco-centric strategy','Deanna Miles DDS','42','Aqua',0,'Biography',0),('978-1-953880-61-1','Ergonomic even-keeled intranet','Michael Brown','20','PaleGreen',0,'Autobiography',0),('978-0-658-47294-7','Function-based neutral hub','Steven Patel','47','LawnGreen',0,'Biography',0),('978-1-873407-95-0','Open-architected bifurcated website','Jamie Moon','47','Lime',0,'Art',0),('978-1-78040-053-2','Automated systematic hub','Mark Skinner','30','LightSkyBlue',0,'Diary',0),('978-0-85157-218-5','Programmable discrete encryption','Barbara Anderson','36','Violet',0,'Biography',0),('978-0-2284-0858-1','Robust modular project','Brian Ramirez','28','GreenYellow',0,'Art',0),('978-1-4925-3381-8','Visionary optimal migration','Tara Mckee','50','HoneyDew',0,'Cookbook',0),('978-1-07-474087-0','Triple-buffered fresh-thinking time-frame','Jorge Mills','48','DarkSlateBlue',0,'Autobiography',0),('978-0-661-95631-1','Cloned disintermediate initiative','Scott Perkins','48','Orange',0,'Dictionary',0),('978-1-336-32920-1','Devolved homogeneous standardization','Hunter Young','34','LightPink',0,'Autobiography',0),('978-1-76056-633-3','Optional zero administration interface','Eugene Ramirez','39','MistyRose',0,'Cookbook',0),('978-0-7638-0470-1','Open-architected transitional Internet solution','Rita Harmon','20','SpringGreen',0,'Art',0),('978-1-06-249029-9','Optional zero tolerance open architecture','Jessica Green','49','BlanchedAlmond',0,'Art',0),('978-0-8495-9643-8','Ameliorated zero administration project','Jake Gonzalez','40','PaleVioletRed',0,'Autobiography',0),('978-1-77912-643-6','Function-based full-range capacity','Margaret Fernandez','47','LightGoldenRodYellow',0,'Biography',0),('978-1-124-03863-6','Assimilated homogeneous projection','Audrey Stone','31','SlateBlue',0,'Autobiography',0),('978-1-392-53844-9','Operative next generation alliance','Angela Taylor','31','MidnightBlue',0,'Cookbook',0),('test_isbn','test_bname','test_author','999','test_publish_house',1,'test_book_type',0);
/*!40000 ALTER TABLE `book` ENABLE KEYS */;
UNLOCK TABLES;

--
-- Table structure for table `borrow_record`
--

DROP TABLE IF EXISTS `borrow_record`;
/*!40101 SET @saved_cs_client     = @@character_set_client */;
/*!40101 SET character_set_client = utf8 */;
CREATE TABLE `borrow_record` (
  `id` int(11) NOT NULL AUTO_INCREMENT,
  `borrowed` date NOT NULL,
  `returned` date DEFAULT NULL,
  `ISBN` varchar(255) NOT NULL,
  `uname` varchar(255) NOT NULL,
  PRIMARY KEY (`id`),
  KEY `ISBN` (`ISBN`)
) ENGINE=MyISAM AUTO_INCREMENT=302 DEFAULT CHARSET=utf8;
/*!40101 SET character_set_client = @saved_cs_client */;

--
-- Dumping data for table `borrow_record`
--

LOCK TABLES `borrow_record` WRITE;
/*!40000 ALTER TABLE `borrow_record` DISABLE KEYS */;
INSERT INTO `borrow_record` VALUES (152,'1984-11-01','2008-03-15','978-1-08-449129-8','charlotte88'),(153,'1979-04-11','1988-05-20','978-1-5392-4996-2','ssalas'),(154,'1971-09-27','1983-04-03','978-1-4381-2002-7','david66'),(155,'1975-02-17','2012-07-12','978-1-80818-049-1','dldxz'),(156,'1981-04-06','2010-08-15','978-1-908269-08-9','Tademzysy'),(157,'2014-08-12','2016-04-14','978-0-8373-4917-6','dldxz'),(158,'1986-11-06','2017-03-29','978-1-935893-88-2','sarafields'),(159,'1997-06-07','2012-06-11','978-0-311-85225-3','garciacristian'),(160,'1971-01-21','2002-10-11','978-1-953880-61-1','morganjennifer'),(161,'1972-07-04','1982-12-03','978-1-300-28878-7','sarafields'),(162,'2014-02-08','2017-12-20','978-0-04-927929-2','tdonovan'),(163,'1970-10-26','2018-03-18','978-1-4381-2002-7','paulsean'),(164,'1971-07-27','1979-03-07','978-1-5002-8903-4','kelly20'),(165,'2006-12-25','2010-05-20','978-1-01-154167-6','briggshunter'),(166,'2017-11-20','2018-02-28','978-0-2284-0858-1','sroberts'),(167,'1985-08-26','2007-06-01','978-1-06-249029-9','jessica05'),(168,'2000-05-08','2002-11-14','978-1-935893-88-2','dldxz'),(169,'1989-10-13','1998-05-15','978-1-879546-05-9','ssalas'),(170,'2009-04-22','2017-04-10','978-0-290-43972-8','charlotte88'),(171,'1990-03-12','2010-11-30','978-1-908269-08-9','gstanley'),(172,'1988-03-18','1991-03-03','978-1-9866-6306-9','stewartmelissa'),(173,'1996-11-07','2018-05-12','978-1-06-484833-3','andrewlane'),(174,'1991-11-06','2009-01-07','978-1-07-474087-0','dldxz'),(175,'1980-05-04','1989-08-25','978-1-07-474087-0','dldxz'),(176,'2015-02-19','2016-02-04','978-1-4381-2002-7','xpotts'),(177,'1981-05-01','1996-08-24','978-1-00-298981-4','morganjennifer'),(178,'1986-06-29','1993-05-11','978-1-9866-6306-9','briggshunter'),(179,'1981-11-25','2006-02-15','978-1-5458-3659-0','shannonsmith'),(180,'1975-10-26','2007-08-02','978-0-8495-9643-8','masonsmith'),(181,'1975-04-15','2015-06-15','978-1-72624-429-9','shannonsmith'),(182,'2002-11-02','2017-09-01','978-1-02-984405-9','morganjennifer'),(183,'1982-10-31','1993-03-12','978-0-538-74133-0','masonsmith'),(184,'1971-12-04','1986-04-13','978-1-253-42192-7','jeffreyallen'),(185,'1972-02-18','2005-11-15','978-1-86483-262-4','briggshunter'),(186,'1998-10-22','2015-05-11','977-86176-129-6','lauren07'),(187,'2012-06-16','2012-08-11','978-0-7807-3357-2','ifisher'),(188,'2011-09-24','2018-12-04','978-0-658-47294-7','lauren07'),(189,'1979-10-21','2009-12-05','978-1-4370-0894-4','kelly20'),(190,'2017-08-20','2018-04-07','978-1-300-28878-7','lmcintyre'),(191,'2004-04-17','2006-10-15','978-0-230-83814-7','ssalas'),(192,'1996-07-13','2017-07-31','978-0-538-74133-0','lmcintyre'),(193,'1994-02-05','2016-05-03','978-1-69833-208-6','shannonsmith'),(194,'1993-09-20','2015-07-07','978-0-698-63346-9','stewartmelissa'),(195,'1985-02-10','1996-02-23','978-1-01-154167-6','masonsmith'),(196,'1973-12-25','2007-01-26','978-1-72624-429-9','Tademzysy'),(197,'1994-02-04','2007-09-16','978-0-7173-2359-3','Tademzysy'),(198,'2004-06-20','2006-12-11','978-0-01-381007-0','andrewlane'),(199,'1970-06-18','2014-08-11','978-1-5063-0256-0','gstanley'),(200,'2016-07-28','2018-01-24','978-1-5293-4033-4','jessica05'),(201,'1976-09-23','1990-04-04','978-1-336-95946-0','sharonkeller'),(202,'2005-07-11','2016-08-30','978-1-953880-61-1','lmcintyre'),(203,'2014-04-18','2015-04-07','978-0-585-10108-8','lmcintyre'),(204,'2012-07-27','2013-01-14','978-0-9835692-9-9','dldxz'),(205,'1997-09-17','2016-06-26','978-0-13-951371-8','xgarrison'),(206,'1994-07-11','2015-11-19','978-0-698-63346-9','loran'),(207,'1991-07-10','2002-04-25','978-0-8373-4917-6','sharonkeller'),(208,'1976-03-31','2012-01-23','978-1-55352-408-3','charlotte88'),(209,'1989-12-05','2010-05-04','978-1-09-747781-4','xpotts'),(210,'1994-05-31','2012-09-09','978-0-940976-90-0','xgarrison'),(211,'2018-04-28','2018-10-25','978-0-460-90551-0','stewartmelissa'),(212,'1985-03-21','2000-09-03','978-1-4925-3381-8','keithaudrey'),(213,'1982-09-30','2006-05-23','978-1-72624-429-9','charlotte88'),(214,'1978-10-10','1985-10-23','978-0-7638-0470-1','hwilson'),(215,'2005-07-31','2017-09-05','978-1-190-98013-6','shannonsmith'),(216,'1998-11-11','2005-10-31','978-1-5221-6688-7','xpotts'),(217,'2006-11-19','2008-02-19','978-1-300-28878-7','ifisher'),(218,'2009-08-05','2014-11-23','978-1-00-298981-4','sharonkeller'),(219,'1994-04-01','2011-02-27','978-0-434-35991-2','sarafields'),(220,'1973-01-26','1981-07-05','978-0-2284-0858-1','garciacristian'),(221,'2014-03-10','2017-12-18','978-1-00-298981-4','dldxz'),(222,'1993-09-27','2011-08-15','978-0-311-85225-3','lauren07'),(223,'1987-09-05','2010-02-11','978-1-190-98013-6','sroberts'),(224,'2014-01-26','2016-11-14','978-1-07-474087-0','morganjennifer'),(225,'1972-01-18','1995-09-11','978-0-8127-0123-4','xgarrison'),(226,'1995-02-25','2006-09-02','978-0-8495-9643-8','michaelburns'),(227,'1995-08-27','2013-01-29','978-0-9532956-6-1','kelly20'),(228,'1986-04-29','1997-04-25','978-1-5293-4033-4','ifisher'),(229,'1974-05-16','1982-10-23','978-1-935893-88-2','paulsean'),(230,'1976-08-30','2009-09-24','978-1-5392-4996-2','michaelburns'),(231,'1988-03-11','2002-09-06','978-1-77912-643-6','andrewlane'),(232,'1979-01-12','1999-07-06','978-1-5392-4996-2','paulsean'),(233,'1977-03-25','2003-05-20','978-0-290-43972-8','dldxz'),(234,'2004-09-07','2013-08-21','978-1-06-249029-9','michaelburns'),(235,'1975-08-27','2004-09-23','978-1-5002-8903-4','xpotts'),(236,'1983-05-23','2014-09-25','978-1-71636-890-5','sarafields'),(237,'1970-02-16','2001-08-27','978-0-9532956-6-1','kelly20'),(238,'2002-02-14','2005-07-22','978-1-105-02771-0','charlotte88'),(239,'2007-01-19','2016-04-22','978-0-585-10108-8','garciacristian'),(240,'1976-04-05','2015-02-11','978-1-01-154167-6','morganjennifer'),(241,'2011-03-31','2018-09-17','978-1-392-53844-9','sarafields'),(242,'2005-05-27','2007-03-13','978-0-270-08882-3','hwilson'),(243,'1979-03-21','2009-08-11','978-0-13-543653-0','jeffreyallen'),(244,'1998-03-25','1999-08-18','978-0-7173-2359-3','briggshunter'),(245,'1984-05-03','1987-11-26','977-86176-129-6','kelly20'),(246,'1985-04-24','2017-02-23','978-0-290-43972-8','lauren07'),(247,'2008-01-31','2014-05-29','978-1-4925-3381-8','masonsmith'),(248,'1988-07-21','1989-05-07','978-0-915588-71-8','dldxz'),(249,'2009-11-19','2012-04-28','978-1-64945-938-1','stewartmelissa'),(250,'1991-07-08','2008-09-12','978-1-253-42192-7','hwilson'),(251,'1971-03-03','1989-08-11','978-1-02-984405-9','sharonkeller'),(252,'2017-02-19','2018-11-15','978-1-873407-95-0','david66'),(253,'1984-07-10','2018-08-01','978-1-935893-88-2','jessica05'),(254,'1979-10-28','2007-08-23','978-0-8127-0123-4','xgarrison'),(255,'1986-01-23','1995-09-18','978-1-06-484833-3','david66'),(256,'2007-01-28','2008-11-05','978-1-105-02771-0','charlotte88'),(257,'2000-03-20','2005-02-16','978-1-4370-0894-4','keithaudrey'),(258,'1989-09-05','2015-09-03','978-0-311-85225-3','gstanley'),(259,'2005-12-25','2016-07-01','978-0-19-311349-7','lauren07'),(260,'1990-01-27','1996-09-25','978-0-13-543653-0','briggshunter'),(261,'2005-12-01','2012-06-13','978-0-915588-71-8','lmcintyre'),(262,'2015-06-17','2018-04-27','978-1-336-32920-1','michaelburns'),(263,'1985-01-15','2014-05-24','978-1-5458-3659-0','jeffreyallen'),(264,'2003-11-08','2010-06-25','978-1-4925-3381-8','lmcintyre'),(265,'2015-09-13','2016-10-17','978-0-561-41917-6','garciacristian'),(266,'2004-09-11','2017-08-14','978-0-7959-7627-8','loran'),(267,'1981-07-14','1988-06-03','978-1-5392-4996-2','briggshunter'),(268,'2007-05-03','2011-04-03','978-1-336-32920-1','shannonsmith'),(269,'1970-03-14','1978-07-17','978-1-873407-95-0','kelly20'),(270,'2009-08-01','2010-02-20','978-0-13-543653-0','briggshunter'),(271,'1993-07-01','2016-10-11','978-0-13-545720-7','charlotte88'),(272,'2009-03-02','2018-06-27','978-0-515-86950-7','dldxz'),(273,'1993-03-16','2010-10-24','978-1-4370-0894-4','lauren07'),(274,'2014-07-15','2016-11-13','978-0-230-83814-7','lauren07'),(275,'1987-12-26','1991-01-04','978-0-7885-4280-0','stewartmelissa'),(276,'1990-08-05','1992-06-28','978-1-163-97825-2','loran'),(277,'2018-07-22','2018-12-21','978-1-5063-0256-0','ssalas'),(278,'2007-05-02','2012-01-13','978-1-105-02771-0','andrewlane'),(279,'1983-04-04','2007-09-27','978-1-80818-049-1','ssalas'),(280,'2012-02-15','2018-04-10','978-0-01-381007-0','michaelburns'),(281,'1976-12-12','1988-04-04','978-0-935957-43-3','keithaudrey'),(282,'1983-04-02','1998-02-24','978-1-76056-633-3','masonsmith'),(283,'1986-01-26','1993-06-21','978-0-19-311349-7','dldxz'),(284,'1974-01-05','1992-03-02','978-1-60857-614-2','masonsmith'),(285,'1983-07-12','2016-07-27','978-1-55352-408-3','masonsmith'),(286,'2003-04-17','2012-07-11','978-0-01-885141-2','hwilson'),(287,'2011-03-12','2016-01-26','978-0-658-47294-7','masonsmith'),(288,'1998-10-18','2012-11-09','978-0-379-95364-0','loran'),(289,'1983-11-28','1992-11-08','978-0-658-47294-7','kelly20'),(290,'1975-03-11','1996-10-13','978-1-78040-053-2','michaelburns'),(291,'1976-04-25','2017-03-07','978-1-163-97825-2','charlotte88'),(292,'1974-11-21','2011-07-02','978-0-13-545720-7','ifisher'),(293,'1989-01-15','2006-09-16','978-1-908269-08-9','ssalas'),(294,'2000-07-08','2017-07-06','978-1-935893-88-2','xgarrison'),(295,'2012-09-16','2012-12-03','978-1-60265-832-5','andrewlane'),(296,'1976-06-23','1991-04-27','978-1-71636-890-5','sarafields'),(297,'1991-09-23','2015-12-25','978-0-261-16618-9','xgarrison'),(298,'2011-12-24','2017-08-18','978-1-02-984405-9','charlotte88'),(299,'1997-05-21','2012-03-05','978-0-04-927929-2','ssalas'),(300,'1979-07-21','2016-07-12','978-0-01-381007-0','masonsmith'),(301,'2008-07-01','2010-06-05','978-1-82867-343-0','hwilson');
/*!40000 ALTER TABLE `borrow_record` ENABLE KEYS */;
UNLOCK TABLES;

--
-- Table structure for table `inbound_record`
--

DROP TABLE IF EXISTS `inbound_record`;
/*!40101 SET @saved_cs_client     = @@character_set_client */;
/*!40101 SET character_set_client = utf8 */;
CREATE TABLE `inbound_record` (
  `id` int(11) NOT NULL AUTO_INCREMENT,
  `inbound_date` date NOT NULL,
  `uname` varchar(255) NOT NULL,
  `ISBN` varchar(255) NOT NULL,
  PRIMARY KEY (`id`),
  KEY `ISBN` (`ISBN`)
) ENGINE=MyISAM AUTO_INCREMENT=102 DEFAULT CHARSET=utf8;
/*!40101 SET character_set_client = @saved_cs_client */;

--
-- Dumping data for table `inbound_record`
--

LOCK TABLES `inbound_record` WRITE;
/*!40000 ALTER TABLE `inbound_record` DISABLE KEYS */;
INSERT INTO `inbound_record` VALUES (2,'1975-05-01','dldxz','978-1-879546-05-9'),(3,'1970-04-30','dldxz','977-86176-129-6'),(4,'1994-11-24','loran','978-0-01-381007-0'),(5,'1984-01-22','dldxz','978-1-55352-408-3'),(6,'2015-07-03','Tademzysy','978-1-253-42192-7'),(7,'2008-05-29','Tademzysy','978-0-230-83814-7'),(8,'2018-04-25','Tademzysy','978-0-270-08882-3'),(9,'2013-04-03','Tademzysy','978-1-5293-4033-4'),(10,'2008-03-22','Tademzysy','978-0-515-86950-7'),(11,'1991-01-14','loran','978-0-8373-4917-6'),(12,'2010-05-03','Tademzysy','978-0-13-543653-0'),(13,'2016-04-30','Tademzysy','978-0-285-23193-1'),(14,'1989-09-06','loran','978-1-920198-82-4'),(15,'1975-01-14','dldxz','978-0-935957-43-3'),(16,'2016-04-07','Tademzysy','978-1-5002-8903-4'),(17,'1996-10-26','loran','978-0-7606-7801-5'),(18,'1992-02-09','loran','978-0-698-63346-9'),(19,'1981-03-30','dldxz','978-1-4381-2002-7'),(20,'1996-08-29','loran','978-0-04-313017-9'),(21,'1995-06-07','loran','978-0-7885-4280-0'),(22,'2013-04-26','Tademzysy','978-0-7959-7627-8'),(23,'2018-02-03','Tademzysy','978-1-105-02771-0'),(24,'2004-09-07','Tademzysy','978-1-86483-262-4'),(25,'1988-03-17','loran','978-1-5063-0256-0'),(26,'2012-03-04','Tademzysy','978-1-908269-08-9'),(27,'1977-01-29','dldxz','978-1-9866-6306-9'),(28,'1993-06-04','loran','978-0-7503-7576-4'),(29,'1978-03-22','dldxz','978-1-08-449129-8'),(30,'2009-05-30','Tademzysy','978-1-82867-343-0'),(31,'1974-03-11','dldxz','978-1-5221-6688-7'),(32,'1987-06-26','loran','978-1-64945-938-1'),(33,'1973-01-06','dldxz','978-1-01-154167-6'),(34,'2005-05-12','Tademzysy','978-1-874144-15-1'),(35,'1971-02-13','dldxz','978-1-912139-51-4'),(36,'1998-08-25','loran','978-1-80818-049-1'),(37,'1992-09-07','loran','978-0-8127-0123-4'),(38,'2000-01-31','Tademzysy','978-0-9532956-6-1'),(39,'1974-06-02','loran','978-1-00-298981-4'),(40,'1980-03-17','dldxz','978-0-460-90551-0'),(41,'2008-11-15','dldxz','978-1-190-98013-6'),(42,'1992-02-23','Tademzysy','978-0-13-951371-8'),(43,'1983-07-10','loran','978-1-06-484833-3'),(44,'1997-05-05','dldxz','978-0-04-927929-2'),(45,'1973-11-30','Tademzysy','978-0-915588-71-8'),(46,'2005-03-13','loran','978-0-261-16618-9'),(47,'2016-02-23','dldxz','978-0-7807-3357-2'),(48,'2009-10-26','Tademzysy','978-1-163-97825-2'),(49,'1978-06-16','Tademzysy','978-0-400-55799-1'),(50,'2013-05-26','Tademzysy','978-1-60857-614-2'),(51,'2002-12-31','dldxz','978-0-538-74133-0'),(52,'1973-02-06','Tademzysy','978-0-585-10108-8'),(53,'2008-04-11','loran','978-1-336-95946-0'),(54,'1983-08-29','dldxz','978-0-379-95364-0'),(55,'2018-11-18','Tademzysy','978-1-09-747781-4'),(56,'2014-10-24','dldxz','978-1-02-984405-9'),(57,'2018-12-18','Tademzysy','978-0-9835692-9-9'),(58,'1996-09-24','Tademzysy','978-0-13-545720-7'),(59,'2009-11-15','Tademzysy','978-1-300-28878-7'),(60,'1980-06-15','loran','978-0-04-699202-6'),(61,'1980-11-17','Tademzysy','978-1-4527-7753-5'),(62,'2000-08-17','dldxz','978-0-276-55763-7'),(63,'1974-12-29','dldxz','978-0-290-43972-8'),(64,'1970-05-02','loran','978-1-60265-832-5'),(65,'1998-02-19','dldxz','978-1-4370-0894-4'),(66,'1979-12-02','dldxz','978-1-69833-208-6'),(67,'1971-08-28','loran','978-0-7745-4137-4'),(68,'1994-01-09','dldxz','978-0-87919-889-3'),(69,'2013-01-02','dldxz','978-1-903830-55-0'),(70,'1978-09-08','loran','978-0-940976-90-0'),(71,'2000-11-05','Tademzysy','978-0-561-41917-6'),(72,'2002-09-12','dldxz','978-0-7173-2359-3'),(73,'2006-11-01','loran','978-1-5392-4996-2'),(74,'2007-11-02','loran','978-1-72624-429-9'),(75,'1972-10-23','Tademzysy','978-0-434-35991-2'),(76,'2001-12-22','Tademzysy','978-1-972086-36-0'),(77,'1999-10-16','dldxz','978-1-5458-3659-0'),(78,'1974-03-08','loran','978-0-311-85225-3'),(79,'1998-02-14','loran','978-0-13-133806-7'),(80,'1995-03-15','dldxz','978-0-19-311349-7'),(81,'2012-02-07','loran','978-1-935893-88-2'),(82,'2002-05-12','loran','978-0-01-885141-2'),(83,'1974-11-27','Tademzysy','978-1-71636-890-5'),(84,'2018-05-27','loran','978-1-60071-239-5'),(85,'1997-03-26','dldxz','978-1-953880-61-1'),(86,'1971-09-14','Tademzysy','978-0-658-47294-7'),(87,'1971-04-08','loran','978-1-873407-95-0'),(88,'2016-08-24','dldxz','978-1-78040-053-2'),(89,'1974-03-26','dldxz','978-0-85157-218-5'),(90,'1974-01-14','Tademzysy','978-0-2284-0858-1'),(91,'1978-03-10','dldxz','978-1-4925-3381-8'),(92,'2018-05-05','dldxz','978-1-07-474087-0'),(93,'1995-08-22','dldxz','978-0-661-95631-1'),(94,'1979-04-30','Tademzysy','978-1-336-32920-1'),(95,'1987-07-01','Tademzysy','978-1-76056-633-3'),(96,'1996-10-01','loran','978-0-7638-0470-1'),(97,'2008-01-07','dldxz','978-1-06-249029-9'),(98,'1992-08-15','loran','978-0-8495-9643-8'),(99,'1975-02-04','loran','978-1-77912-643-6'),(100,'1981-07-25','Tademzysy','978-1-124-03863-6'),(101,'1982-11-25','loran','978-1-392-53844-9');
/*!40000 ALTER TABLE `inbound_record` ENABLE KEYS */;
UNLOCK TABLES;

--
-- Table structure for table `reserve_record`
--

DROP TABLE IF EXISTS `reserve_record`;
/*!40101 SET @saved_cs_client     = @@character_set_client */;
/*!40101 SET character_set_client = utf8 */;
CREATE TABLE `reserve_record` (
  `id` int(11) NOT NULL AUTO_INCREMENT,
  `ISBN` varchar(255) NOT NULL,
  `uid` int(11) NOT NULL,
  `reserve_date` date NOT NULL,
  PRIMARY KEY (`id`),
  KEY `ISBN` (`ISBN`),
  KEY `uid` (`uid`)
) ENGINE=MyISAM AUTO_INCREMENT=151 DEFAULT CHARSET=utf8;
/*!40101 SET character_set_client = @saved_cs_client */;

--
-- Dumping data for table `reserve_record`
--

LOCK TABLES `reserve_record` WRITE;
/*!40000 ALTER TABLE `reserve_record` DISABLE KEYS */;
INSERT INTO `reserve_record` VALUES (1,'978-0-538-74133-0',6,'2019-01-19'),(2,'978-1-392-53844-9',9,'2019-01-15'),(3,'978-0-285-23193-1',22,'2019-01-14'),(4,'978-0-7807-3357-2',29,'2019-01-18'),(5,'978-1-912139-51-4',4,'2018-12-27'),(6,'978-1-09-747781-4',13,'2019-01-08'),(7,'978-1-82867-343-0',12,'2019-01-01'),(8,'978-1-903830-55-0',27,'2019-01-21'),(9,'978-0-85157-218-5',18,'2019-01-13'),(10,'978-1-08-449129-8',30,'2019-01-22'),(11,'978-1-5063-0256-0',24,'2019-01-13'),(12,'978-1-972086-36-0',20,'2019-01-21'),(13,'978-1-9866-6306-9',15,'2019-01-07'),(14,'978-1-77912-643-6',20,'2018-12-29'),(15,'978-1-06-484833-3',26,'2019-01-01'),(16,'978-0-585-10108-8',31,'2019-01-03'),(17,'978-1-163-97825-2',4,'2019-01-14'),(18,'978-1-00-298981-4',9,'2018-12-27'),(19,'978-0-04-927929-2',3,'2019-01-17'),(20,'978-0-13-545720-7',7,'2019-01-21'),(21,'978-1-86483-262-4',25,'2019-01-14'),(22,'978-1-80818-049-1',16,'2019-01-04'),(23,'978-0-9835692-9-9',19,'2019-01-08'),(24,'978-1-4370-0894-4',3,'2019-01-20'),(25,'978-0-935957-43-3',5,'2019-01-21'),(26,'978-1-124-03863-6',27,'2019-01-01'),(27,'978-1-4527-7753-5',11,'2018-12-26'),(28,'978-0-585-10108-8',31,'2018-12-30'),(29,'978-1-5392-4996-2',5,'2018-12-25'),(30,'978-0-585-10108-8',21,'2018-12-28'),(31,'978-0-7745-4137-4',26,'2018-12-31'),(32,'978-1-82867-343-0',25,'2019-01-07'),(33,'978-0-2284-0858-1',2,'2019-01-03'),(34,'978-1-76056-633-3',27,'2019-01-18'),(35,'978-1-920198-82-4',3,'2019-01-20'),(36,'978-1-336-32920-1',24,'2019-01-04'),(37,'978-0-661-95631-1',17,'2019-01-18'),(38,'978-0-515-86950-7',27,'2019-01-05'),(39,'978-1-09-747781-4',25,'2019-01-13'),(40,'978-0-9835692-9-9',24,'2019-01-16'),(41,'978-1-78040-053-2',10,'2019-01-16'),(42,'978-1-77912-643-6',12,'2019-01-15'),(43,'978-0-01-885141-2',9,'2019-01-11'),(44,'978-1-912139-51-4',25,'2019-01-19'),(45,'978-0-7745-4137-4',9,'2019-01-19'),(46,'978-0-311-85225-3',15,'2019-01-21'),(47,'978-1-08-449129-8',30,'2019-01-08'),(48,'978-1-06-484833-3',16,'2019-01-18'),(49,'978-1-64945-938-1',27,'2019-01-22'),(50,'978-1-4381-2002-7',13,'2018-12-31'),(51,'978-1-903830-55-0',27,'2019-01-14'),(52,'978-1-78040-053-2',17,'2019-01-17'),(53,'978-1-5221-6688-7',25,'2019-01-15'),(54,'978-1-392-53844-9',3,'2019-01-18'),(55,'978-1-953880-61-1',1,'2019-01-08'),(56,'978-1-82867-343-0',8,'2018-12-28'),(57,'978-1-105-02771-0',22,'2019-01-08'),(58,'978-0-276-55763-7',5,'2019-01-16'),(59,'978-0-585-10108-8',18,'2019-01-09'),(60,'978-0-13-545720-7',3,'2018-12-25'),(61,'978-0-561-41917-6',5,'2019-01-09'),(62,'978-0-538-74133-0',29,'2018-12-26'),(63,'978-0-935957-43-3',22,'2019-01-07'),(64,'978-0-7503-7576-4',6,'2019-01-17'),(65,'978-0-270-08882-3',10,'2019-01-19'),(66,'978-1-4527-7753-5',19,'2018-12-26'),(67,'978-1-60071-239-5',30,'2019-01-21'),(68,'978-0-7638-0470-1',28,'2018-12-31'),(69,'978-1-08-449129-8',25,'2018-12-28'),(70,'978-0-7885-4280-0',4,'2019-01-17'),(71,'978-1-4527-7753-5',30,'2018-12-26'),(72,'978-1-903830-55-0',15,'2019-01-07'),(73,'978-1-60071-239-5',18,'2019-01-02'),(74,'978-0-290-43972-8',8,'2019-01-08'),(75,'978-0-585-10108-8',19,'2019-01-07'),(76,'978-0-661-95631-1',18,'2019-01-14'),(77,'978-1-01-154167-6',19,'2018-12-28'),(78,'978-1-5293-4033-4',29,'2018-12-27'),(79,'978-1-64945-938-1',21,'2018-12-27'),(80,'978-1-69833-208-6',28,'2019-01-03'),(81,'978-1-9866-6306-9',23,'2018-12-28'),(82,'978-0-658-47294-7',24,'2019-01-14'),(83,'978-0-13-545720-7',11,'2019-01-17'),(84,'978-0-561-41917-6',31,'2019-01-16'),(85,'978-0-379-95364-0',30,'2019-01-08'),(86,'978-0-04-699202-6',28,'2019-01-21'),(87,'978-1-08-449129-8',4,'2019-01-21'),(88,'978-1-5392-4996-2',18,'2018-12-25'),(89,'978-1-4370-0894-4',17,'2019-01-18'),(90,'978-1-336-95946-0',28,'2018-12-30'),(91,'978-1-5002-8903-4',1,'2018-12-29'),(92,'978-0-7638-0470-1',30,'2019-01-22'),(93,'978-0-538-74133-0',12,'2018-12-26'),(94,'978-1-78040-053-2',4,'2019-01-18'),(95,'978-1-5221-6688-7',23,'2019-01-16'),(96,'978-0-01-885141-2',31,'2019-01-05'),(97,'978-1-82867-343-0',12,'2018-12-27'),(98,'978-1-935893-88-2',14,'2018-12-26'),(99,'978-1-06-484833-3',3,'2019-01-05'),(100,'978-0-13-951371-8',12,'2019-01-07'),(101,'978-0-7885-4280-0',4,'2018-12-30'),(102,'978-0-915588-71-8',3,'2019-01-04'),(103,'978-1-08-449129-8',17,'2019-01-09'),(104,'978-1-64945-938-1',23,'2019-01-17'),(105,'978-0-9835692-9-9',5,'2019-01-06'),(106,'978-1-06-249029-9',15,'2019-01-13'),(107,'978-0-311-85225-3',14,'2018-12-29'),(108,'978-0-311-85225-3',19,'2019-01-17'),(109,'978-1-336-32920-1',29,'2019-01-09'),(110,'978-1-60071-239-5',8,'2019-01-20'),(111,'978-1-02-984405-9',18,'2019-01-13'),(112,'978-0-9835692-9-9',10,'2018-12-30'),(113,'978-0-460-90551-0',6,'2019-01-04'),(114,'978-0-7638-0470-1',27,'2019-01-03'),(115,'978-1-00-298981-4',28,'2019-01-19'),(116,'978-1-4370-0894-4',4,'2018-12-25'),(117,'978-0-7173-2359-3',6,'2019-01-10'),(118,'978-1-5002-8903-4',19,'2018-12-25'),(119,'978-1-78040-053-2',24,'2018-12-31'),(120,'978-1-4527-7753-5',16,'2018-12-24'),(121,'978-1-06-484833-3',30,'2019-01-15'),(122,'978-0-276-55763-7',2,'2019-01-20'),(123,'978-0-7807-3357-2',18,'2019-01-17'),(124,'978-1-86483-262-4',14,'2019-01-01'),(125,'978-0-7745-4137-4',1,'2019-01-18'),(126,'978-1-9866-6306-9',25,'2018-12-30'),(127,'978-1-336-32920-1',14,'2019-01-21'),(128,'978-0-915588-71-8',4,'2018-12-28'),(129,'978-1-336-32920-1',23,'2019-01-08'),(130,'978-1-9866-6306-9',7,'2019-01-03'),(131,'978-0-01-885141-2',22,'2019-01-06'),(132,'978-1-72624-429-9',22,'2019-01-16'),(133,'978-1-60857-614-2',5,'2019-01-15'),(134,'978-0-915588-71-8',27,'2019-01-03'),(135,'978-0-04-927929-2',23,'2019-01-18'),(136,'978-1-01-154167-6',3,'2019-01-20'),(137,'978-1-253-42192-7',22,'2019-01-01'),(138,'978-1-08-449129-8',31,'2018-12-30'),(139,'978-1-86483-262-4',29,'2019-01-15'),(140,'978-1-9866-6306-9',13,'2019-01-22'),(141,'978-0-04-927929-2',11,'2019-01-18'),(142,'978-0-04-313017-9',2,'2019-01-05'),(143,'978-1-86483-262-4',10,'2018-12-26'),(144,'978-0-04-313017-9',15,'2018-12-26'),(145,'978-1-874144-15-1',16,'2019-01-12'),(146,'978-1-82867-343-0',30,'2019-01-19'),(147,'978-1-953880-61-1',12,'2019-01-03'),(148,'978-0-434-35991-2',1,'2019-01-14'),(149,'978-0-7638-0470-1',14,'2018-12-26'),(150,'978-0-8373-4917-6',30,'2019-01-04');
/*!40000 ALTER TABLE `reserve_record` ENABLE KEYS */;
UNLOCK TABLES;

--
-- Table structure for table `user`
--

DROP TABLE IF EXISTS `user`;
/*!40101 SET @saved_cs_client     = @@character_set_client */;
/*!40101 SET character_set_client = utf8 */;
CREATE TABLE `user` (
  `stu_id` int(11) NOT NULL AUTO_INCREMENT,
  `username` varchar(255) NOT NULL,
  `password` varchar(255) NOT NULL,
  `types` varchar(255) NOT NULL,
  PRIMARY KEY (`stu_id`)
) ENGINE=MyISAM AUTO_INCREMENT=32 DEFAULT CHARSET=utf8;
/*!40101 SET character_set_client = @saved_cs_client */;

--
-- Dumping data for table `user`
--

LOCK TABLES `user` WRITE;
/*!40000 ALTER TABLE `user` DISABLE KEYS */;
INSERT INTO `user` VALUES (1,'dldxz','123456','admin'),(2,'charlotte88','35o4zn','schoolfellow'),(3,'briggshunter','9xvq0p','student'),(4,'tdonovan','3gusl8','schoolfellow'),(5,'michaelburns','l9gp9j','student'),(6,'sarafields','3j3umx','schoolfellow'),(7,'masonsmith','87w75l','schoolfellow'),(8,'nataliebailey','6uxk3m','teacher'),(9,'lauren07','mux73f','teacher'),(10,'jessica05','h03iep','student'),(11,'morganjennifer','c6ij1f','teacher'),(12,'andrewlane','e49t1v','student'),(13,'sroberts','zpl0rb','student'),(14,'sharonkeller','t7nsjz','schoolfellow'),(15,'keithaudrey','vw7gv4','teacher'),(16,'ifisher','7jq3r9','student'),(17,'hwilson','kjv0e0','teacher'),(18,'xpotts','054opj','student'),(19,'xgarrison','sg5vce','teacher'),(20,'paulsean','ocz8en','student'),(21,'gstanley','0w0kay','teacher'),(22,'kelly20','3df8xp','schoolfellow'),(23,'shannonsmith','6tu5hw','teacher'),(24,'lmcintyre','1ta9ke','schoolfellow'),(25,'stewartmelissa','b00wko','teacher'),(26,'david66','7gefgb','schoolfellow'),(27,'jeffreyallen','s7mfva','schoolfellow'),(28,'garciacristian','m3grcd','student'),(29,'ssalas','86w15k','schoolfellow'),(30,'loran','123','admin'),(31,'Tademzysy','456','admin');
/*!40000 ALTER TABLE `user` ENABLE KEYS */;
UNLOCK TABLES;
/*!40103 SET TIME_ZONE=@OLD_TIME_ZONE */;

/*!40101 SET SQL_MODE=@OLD_SQL_MODE */;
/*!40014 SET FOREIGN_KEY_CHECKS=@OLD_FOREIGN_KEY_CHECKS */;
/*!40014 SET UNIQUE_CHECKS=@OLD_UNIQUE_CHECKS */;
/*!40101 SET CHARACTER_SET_CLIENT=@OLD_CHARACTER_SET_CLIENT */;
/*!40101 SET CHARACTER_SET_RESULTS=@OLD_CHARACTER_SET_RESULTS */;
/*!40101 SET COLLATION_CONNECTION=@OLD_COLLATION_CONNECTION */;
/*!40111 SET SQL_NOTES=@OLD_SQL_NOTES */;

-- Dump completed on 2018-12-23 21:02:42
